{
  "project_info": {
    "project_number": "894803550475",
    "project_id": "notes-80b5c",
    "storage_bucket": "notes-80b5c.appspot.com"
  },
  "client": [
    {
      "client_info": {
        "mobilesdk_app_id": "1:894803550475:android:71608dd9213b77afbc820e",
        "android_client_info": {
          "package_name": "vortex.project.notes"
        }
      },
      "oauth_client": [
        {
          "client_id": "894803550475-0bfo0ccq3bqjov73ek4ocr04nm0se26r.apps.googleusercontent.com",
          "client_type": 3
        }
      ],
      "api_key": [
        {
          "current_key": "AIzaSyAPr5mds99e8NoK5U1NQOJcIyOLk-u39Qg"
        }
      ],
      "services": {
        "appinvite_service": {
          "other_platform_oauth_client": [
            {
              "client_id": "894803550475-0bfo0ccq3bqjov73ek4ocr04nm0se26r.apps.googleusercontent.com",
              "client_type": 3
            }
          ]
        }
      }
    }
  ],
  "configuration_version": "1"
}